<?xml version="1.0" encoding="UTF-8"?>
<!DOCTYPE properties SYSTEM "http://java.sun.com/dtd/properties.dtd">
<properties>

<!-- File menu -->

<entry key="menu.file">File</entry>
<entry key="menu.file.mnemonic">F</entry>

<entry key="menu.file.close_db">Close</entry>
<entry key="menu.file.close_db.mnemonic">C</entry>
<entry key="menu.file.close_db.tooltip">Close current database</entry>

<entry key="menu.file.import">Import...</entry>
<entry key="menu.file.import.mnemonic">I</entry>
<entry key="menu.file.import.tooltip">Import data</entry>
<entry key="menu.file.import.description">Import data from CSV/TSV, spreadsheets or probsoln.sty files, or select data from an SQL database</entry>


<entry key="menu.file.new">New</entry>
<entry key="menu.file.new.mnemonic">N</entry>
<entry key="menu.file.new.tooltip">Create a new empty database</entry>

<entry key="menu.file.new_from_template">New From Template...</entry>
<entry key="menu.file.new_from_template.mnemonic">T</entry>
<entry key="menu.file.new_from_template.tooltip">Create a new database from a template</entry>

<entry key="menu.file.open">Open...</entry>
<entry key="menu.file.open.tooltip">Open a datatool.sty database file</entry>
<entry key="menu.file.open.mnemonic">O</entry>

<entry key="menu.file.recent">Recent</entry>
<entry key="menu.file.recent.mnemonic">T</entry>

<entry key="menu.file.recent.clearrecent">Clear</entry>
<entry key="menu.file.recent.clearrecent.tooltip">Clear recent files list</entry>
<entry key="menu.file.recent.clearrecent.mnemonic">C</entry>

<entry key="menu.file.save">Save</entry>
<entry key="menu.file.save.mnemonic">S</entry>

<entry key="menu.file.save_as">Save As...</entry>
<entry key="menu.file.save_as.mnemonic">A</entry>

<entry key="menu.file.quit">Quit</entry>
<entry key="menu.file.quit.mnemonic">Q</entry>

<!-- Edit Menu -->

<entry key="menu.edit">Edit</entry>
<entry key="menu.edit.mnemonic">E</entry>

<entry key="menu.edit.cell_to_null">Set Cell to Null</entry>
<entry key="menu.edit.cell_to_null.mnemonic">S</entry>
<entry key="menu.edit.cell_to_null.tooltip">Replace cell contents with null value</entry>

<entry key="menu.edit.empty_to_null">Empty to Null</entry>
<entry key="menu.edit.empty_to_null.mnemonic">P</entry>
<entry key="menu.edit.empty_to_null.tooltip">Replace all empty cells with null value</entry>

<entry key="menu.edit.null_to_empty">Null to Empty</entry>
<entry key="menu.edit.null_to_empty.mnemonic">Y</entry>
<entry key="menu.edit.null_to_empty.tooltip">Replace all null cells with empty value</entry>

<entry key="menu.edit.column">Column</entry>
<entry key="menu.edit.column.mnemonic">L</entry>

<entry key="menu.edit.column.add_column_after">Insert Column After</entry>
<entry key="menu.edit.column.add_column_after.mnemonic">A</entry>
<entry key="menu.edit.column.add_column_after.tooltip">Insert a new column after the current column</entry>

<entry key="menu.edit.column.add_column_before">Insert Column Before</entry>
<entry key="menu.edit.column.add_column_before.mnemonic">B</entry>
<entry key="menu.edit.column.add_column_before.tooltip">Insert a new column before the current column</entry>

<entry key="menu.edit.column.column_to_null">Nullify Column</entry>
<entry key="menu.edit.column.column_to_null.mnemonic">N</entry>
<entry key="menu.edit.column.column_to_null.tooltip">Set all cells in current column to null</entry>

<entry key="menu.edit.column.edit_header">Edit Header</entry>
<entry key="menu.edit.column.edit_header.mnemonic">E</entry>
<entry key="menu.edit.column.edit_header.tooltip">Edit header details for current column</entry>

<entry key="menu.edit.column.move_column_left">Move Column Left</entry>
<entry key="menu.edit.column.move_column_left.mnemonic">L</entry>
<entry key="menu.edit.column.move_column_left.tooltip">Move current column to the left</entry>

<entry key="menu.edit.column.move_column_right">Move Column Right</entry>
<entry key="menu.edit.column.move_column_right.mnemonic">R</entry>
<entry key="menu.edit.column.move_column_right.tooltip">Move current column to the right</entry>

<entry key="menu.edit.column.remove_column">Delete Column</entry>
<entry key="menu.edit.column.remove_column.mnemonic">D</entry>
<entry key="menu.edit.column.remove_column.tooltip">Delete the current column</entry>

<entry key="menu.edit.copy">Copy</entry>
<entry key="menu.edit.copy.mnemonic">C</entry>

<entry key="menu.edit.cut">Cut</entry>
<entry key="menu.edit.cut.mnemonic">T</entry>

<entry key="menu.edit.deselect">Deselect</entry>
<entry key="menu.edit.deselect.mnemonic">D</entry>
<entry key="menu.edit.deselect.tooltip">Deselect current row and/or column</entry>

<entry key="menu.edit.edit_cell">Edit Cell...</entry>
<entry key="menu.edit.edit_cell.mnemonic">T</entry>
<entry key="menu.edit.edit_cell.tooltip">Edit selected cell</entry>

<entry key="menu.edit.edit_dbname">Edit Database Name...</entry>
<entry key="menu.edit.edit_dbname.mnemonic">N</entry>
<entry key="menu.edit.edit_dbname.tooltip">Edit the name of the current database (not related to the file name)</entry>

<entry key="menu.edit.paste">Paste</entry>
<entry key="menu.edit.paste.mnemonic">P</entry>

<entry key="menu.edit.preferences">Preferences...</entry>
<entry key="menu.edit.preferences.mnemonic">P</entry>
<entry key="menu.edit.preferences.tooltip">Edit application settings</entry>

<entry key="menu.edit.redo">Redo {0}</entry>
<entry key="menu.edit.redo.mnemonic">R</entry>
<entry key="menu.edit.redo.tooltip">Redo previous operation</entry>

<entry key="menu.edit.row">Row</entry>
<entry key="menu.edit.row.mnemonic">W</entry>

<entry key="menu.edit.row.add_row_after">Insert Row After</entry>
<entry key="menu.edit.row.add_row_after.mnemonic">A</entry>
<entry key="menu.edit.row.add_row_after.tooltip">Insert a new row after the current row</entry>

<entry key="menu.edit.row.add_row_before">Insert Row Before</entry>
<entry key="menu.edit.row.add_row_before.mnemonic">B</entry>
<entry key="menu.edit.row.add_row_before.tooltip">Insert a new row before the current row</entry>

<entry key="menu.edit.row.move_row_down">Move Row Down</entry>
<entry key="menu.edit.row.move_row_down.mnemonic">N</entry>
<entry key="menu.edit.row.move_row_down.tooltip">Move current row down</entry>

<entry key="menu.edit.row.move_row_up">Move Row Up</entry>
<entry key="menu.edit.row.move_row_up.mnemonic">U</entry>
<entry key="menu.edit.row.move_row_up.tooltip">Move current row up</entry>

<entry key="menu.edit.row.remove_row">Delete Row</entry>
<entry key="menu.edit.row.remove_row.mnemonic">D</entry>
<entry key="menu.edit.row.remove_row.tooltip">Delete the current row</entry>

<entry key="menu.edit.row.row_to_null">Nullify Row</entry>
<entry key="menu.edit.row.row_to_null.mnemonic">N</entry>
<entry key="menu.edit.row.row_to_null.tooltip">Set all cells in current row to null</entry>

<entry key="menu.edit.select_all">Select All</entry>
<entry key="menu.edit.select_all.mnemonic">A</entry>

<entry key="menu.edit.undo">Undo {0}</entry>
<entry key="menu.edit.undo.mnemonic">U</entry>
<entry key="menu.edit.undo.tooltip">Undo previous operation</entry>

<!-- Search Menu -->

<entry key="menu.search">Search</entry>
<entry key="menu.search.mnemonic">S</entry>

<entry key="menu.search.find">Find...</entry>
<entry key="menu.search.find.mnemonic">F</entry>

<entry key="menu.search.find_again">Find Again</entry>
<entry key="menu.search.find_again.mnemonic">N</entry>

<entry key="menu.search.find_cell">Find Cell...</entry>
<entry key="menu.search.find_cell.mnemonic">F</entry>

<entry key="menu.search.replace_text">Replace...</entry>
<entry key="menu.search.replace_text.mnemonic">R</entry>

<!-- Tools Menu -->

<entry key="menu.tools">Tools</entry>
<entry key="menu.tools.mnemonic">T</entry>

<entry key="menu.tools.plugins">Plugins</entry>
<entry key="menu.tools.plugins.mnemonic">P</entry>

<entry key="menu.tools.shuffle">Shuffle</entry>
<entry key="menu.tools.shuffle.mnemonic">H</entry>

<entry key="menu.tools.sort">Sort...</entry>
<entry key="menu.tools.sort.mnemonic">S</entry>

<!-- Help Menu -->

<entry key="menu.help">Help</entry>
<entry key="menu.help.mnemonic">H</entry>

<entry key="menu.help.about">About</entry>
<entry key="menu.help.about.mnemonic">A</entry>

<entry key="menu.help.licence">License</entry>
<entry key="menu.help.licence.mnemonic">L</entry>

<entry key="menu.help.manual">Manual</entry>
<entry key="menu.help.manual.mnemonic">M</entry>

<!-- Table Popup Menu -->

<entry key="tablemenu.title">Table Popup Menu</entry>

<entry key="tablemenu.edit_cell">Edit Cell...</entry>
<entry key="tablemenu.edit_cell.mnemonic">E</entry>
<entry key="tablemenu.edit_cell.tooltip">Edit selected cell</entry>

<entry key="tablemenu.cell_to_null">Set Cell to Null</entry>
<entry key="tablemenu.cell_to_null.mnemonic">S</entry>
<entry key="tablemenu.cell_to_null.tooltip">Replace cell contents with null value</entry>

<entry key="tablemenu.append_col">Append Column</entry>
<entry key="tablemenu.append_col.mnemonic">C</entry>
<entry key="tablemenu.append_col.tooltip">Add new column after the last column</entry>

<entry key="tablemenu.append_row">Append Row</entry>
<entry key="tablemenu.append_row.mnemonic">R</entry>
<entry key="tablemenu.append_row.tooltip">Add new row after the last row</entry>

<!-- Licence Dialog -->

<entry key="licence.title">Licence</entry>

<!-- About Dialog -->

<entry key="about.title">About {0}</entry>
<entry key="about.defaultparams">\appname</entry>

<entry key="about.acknowledgements"></entry>

<entry key="about.legal">License GPLv3+: GNU GPL version 3 or later &lt;http://gnu.org/licenses/gpl.html&gt;
This is free software: you are free to change and redistribute it.
There is NO WARRANTY, to the extent permitted by law.</entry>

<entry key="about.licence">Licence</entry>

<entry key="about.translated_by">Translated by {0}</entry>
<entry key="about.translator_info"></entry>

<entry key="about.version">{0} {1} ({2})</entry>

<entry key="about.database_driver">Database driver: {0} {1}.{2}</entry>
<entry key="about.database_driver.supports">Database driver: {0} {1}.{2} (Supports {3})</entry>
<entry key="about.no_database_drivers">No database drivers found.</entry>
<entry key="about.no_database_support">No database support.</entry>
<entry key="about.extra">Bundled with Apache POI, Apache Commons and Log4j.</entry>
<entry key="about.log4j_details">Log4j version: {0}</entry>

<!-- Import Dialog -->

<entry key="import.title">Import Data</entry>

<entry key="import.file">File:</entry>
<entry key="import.file.mnemonic">F</entry>

<entry key="import.select">SELECT </entry>
<entry key="import.select.mnemonic">L</entry>

<entry key="import.csvtsv">CSV/TSV Settings</entry>
<entry key="import.csvtsvspread">CSV/TSV and Spreadsheets</entry>
<entry key="import.sql">SQL Settings</entry>
<entry key="import.nontex">Non-TeX Settings</entry>

<entry key="message.importsql.select_placeholder">* FROM tablename</entry>

<entry key="import.sql.select">SELECT </entry>
<entry key="import.sql.select.mnemonic">L</entry>

<entry key="import.sql.database">Database: </entry>
<entry key="import.sql.database.mnemonic">D</entry>

<entry key="import.sql.host">Host: </entry>
<entry key="import.sql.host.mnemonic">S</entry>

<entry key="import.sql.prefix">Prefix: </entry>
<entry key="import.sql.prefix.mnemonic">X</entry>

<entry key="import.sql.port">Port: </entry>
<entry key="import.sql.port.mnemonic">P</entry>

<entry key="import.sql.user">User Name: </entry>
<entry key="import.sql.user.mnemonic">U</entry>

<entry key="import.sql.wipe">Wipe Password After Use</entry>
<entry key="import.sql.wipe.mnemonic">W</entry>


<!-- I/O Settings Panel -->

<entry key="iosettings.format">File Format:</entry>

<entry key="iosettings.format.tex">LaTeX</entry>
<entry key="iosettings.format.dtltex">dtltex</entry>
<entry key="iosettings.format.dtltex-2">dtltex v2.0</entry>
<entry key="iosettings.format.dtltex-3">dtltex v3.0</entry>
<entry key="iosettings.format.dbtex">dbtex</entry>
<entry key="iosettings.format.dbtex-2">dbtex v2.0</entry>
<entry key="iosettings.format.dbtex-3">dbtex v3.0</entry>
<entry key="iosettings.format.csv">CSV</entry>
<entry key="iosettings.format.tsv">TSV</entry>
<entry key="iosettings.format.ods">ODS</entry>
<entry key="iosettings.format.fods">FODS</entry>
<entry key="iosettings.format.xls">XLS</entry>
<entry key="iosettings.format.xlsx">XLSX</entry>
<entry key="iosettings.format.sql">SQL</entry>

<entry key="iosettings.element.trim">Trim elements</entry>
<entry key="iosettings.element.empty_to_null">Convert empty elements to null (probsoln and spreadsheets only)</entry>

<entry key="iosettings.tex.stripsolnenv">Strip solution environment from probsoln problems</entry>
<entry key="iosettings.tex.stripsolnenv.mnemonic">B</entry>

<entry key="iosettings.tex.preambleonly">Stop parsing if \begin'{'document'}' encountered</entry>

<entry key="iosettings.csvtsv.optionsonly.note">These options are only applicable to CSV/TSV files, not to spreadsheets or SQL imports.</entry>
<entry key="iosettings.imports_all.note">These options are applicable to all non-TeX imported sources (CSV/TSV, spreadsheets and SQL queries).</entry>
<entry key="iosettings.csvspreadsheets.note">These options are applicable to CSV/TSV files and spreadsheets.</entry>

<entry key="iosettings.csv.sep">Separator:</entry>

<entry key="iosettings.csv.sepchar">Character</entry>
<entry key="iosettings.csv.sepchar.mnemonic">A</entry>

<entry key="iosettings.csv.or">Or</entry>

<entry key="iosettings.csv.tabsep">Tab</entry>
<entry key="iosettings.csv.tabsep.mnemonic">T</entry>

<entry key="iosettings.csv.delim">Delimiter: </entry>
<entry key="iosettings.csv.delim.mnemonic">D</entry>

<entry key="iosettings.csv.strictquotes">Strict quotes</entry>
<entry key="iosettings.csv.strictquotes.tooltip">If set, characters outside of quotes will be ignored</entry>

<entry key="iosettings.csv.skiplines">Number of lines to skip at the start:</entry>
<entry key="iosettings.csv.skiplines.mnemonic">K</entry>

<entry key="iosettings.csv.blank">Blank rows:</entry>

<entry key="iosettings.csv.blank.ignore">Ignore</entry>
<entry key="iosettings.csv.blank.empty-row">Create empty row</entry>
<entry key="iosettings.csv.blank.end">End parsing</entry>

<entry key="iosettings.csv.escchars">Problematic characters in cell content:</entry>
<entry key="iosettings.csv.escchars.none">None</entry>
<entry key="iosettings.csv.escchars.none.tooltip">No characters are escaped</entry>
<entry key="iosettings.csv.escchars.double-delim">Double Delimiter</entry>
<entry key="iosettings.csv.escchars.double-delim.tooltip">Delimiter doubled if occurring in cell content</entry>

<entry key="iosettings.csv.escchars.delim">Escape Delimiter</entry>
<entry key="iosettings.csv.escchars.delim.tooltip">Delimiter escaped with backslash</entry>

<entry key="iosettings.csv.escchars.delim+bksl">Escape Delimiter and Backslash</entry>
<entry key="iosettings.csv.escchars.delim+bksl.tooltip">Delimiter and backslash escaped with backslash</entry>

<entry key="iosettings.csv.add_delim">Add Delimiter:</entry>

<entry key="iosettings.csv.add_delim.always">Always</entry>

<entry key="iosettings.csv.add_delim.detect">Detect</entry>

<entry key="iosettings.csv.add_delim.never">Never</entry>

<entry key="iosettings.csv.content">Content:</entry>
<entry key="iosettings.csv.content.literal">Literal</entry>
<entry key="iosettings.csv.content.tex">Contains LaTeX commands</entry>

<entry key="iosettings.csv.hasheader">Has Header Row</entry>
<entry key="iosettings.csv.hasheader.mnemonic">R</entry>

<entry key="iosettings.write.hasheader">Include Headers</entry>
<entry key="iosettings.write.hasheader.mnemonic">R</entry>

<entry key="iosettings.writeonly.hasheader">Include Headers (Write Only)</entry>
<entry key="iosettings.writeonly.hasheader.mnemonic">R</entry>

<entry key="iosettings.tex.encoding">Default TeX Encoding:</entry>
<entry key="iosettings.tex.encoding.mnemonic">N</entry>

<entry key="iosettings.csv.encoding">CSV/TSV Encoding: </entry>
<entry key="iosettings.csv.encoding.mnemonic">G</entry>

<!-- character mappings -->

<entry key="iosettings.tex.add_map">Add</entry>
<entry key="iosettings.tex.add_map.mnemonic">A</entry>

<entry key="iosettings.tex.edit_map">Edit</entry>
<entry key="iosettings.tex.edit_map.mnemonic">T</entry>

<entry key="iosettings.tex.remove_map">Remove</entry>
<entry key="iosettings.tex.remove_map.mnemonic">R</entry>


<!-- Preferences Dialog -->

<entry key="preferences.title">Preferences</entry>

<entry key="preferences.autotrim">Automatically trim labels</entry>
<entry key="preferences.autotrim.mnemonic">A</entry>

<entry key="preferences.csv">Non-TeX Imports (CSV etc)</entry>
<entry key="preferences.csv.mnemonic">V</entry>

<entry key="preferences.csv.encoding">Encoding: </entry>
<entry key="preferences.csv.encoding.mnemonic">G</entry>

<entry key="preferences.csv.delim">Delimiter: </entry>
<entry key="preferences.csv.delim.mnemonic">D</entry>

<entry key="preferences.csv.esc">Escape: </entry>

<entry key="preferences.csv.escchar">Character</entry>
<entry key="preferences.csv.escchar.mnemonic">E</entry>

<entry key="preferences.csv.hasheader">Has Header Row</entry>
<entry key="preferences.csv.hasheader.mnemonic">R</entry>

<entry key="preferences.csv.noesc">None</entry>
<entry key="preferences.csv.noesc.mnemonic">N</entry>

<entry key="preferences.csv.or">Or</entry>

<entry key="preferences.csv.sep">Separator: </entry>

<entry key="preferences.csv.sepchar">Character</entry>
<entry key="preferences.csv.sepchar.mnemonic">A</entry>

<entry key="preferences.csv.skipemptyrows">Skip empty rows</entry>
<entry key="preferences.csv.skipemptyrows.mnemonic">K</entry>

<entry key="preferences.csv.skiplines">Number of lines to skip at the start:</entry>
<entry key="preferences.csv.skiplines.mnemonic">K</entry>

<entry key="preferences.csv.strictquotes">Strict quotes</entry>
<entry key="preferences.csv.strictquotes.tooltip">If set, characters outside of quotes will be ignored</entry>


<entry key="preferences.csv.tabsep">Tab</entry>
<entry key="preferences.csv.tabsep.mnemonic">T</entry>

<entry key="preferences.currencies">Currencies</entry>
<entry key="preferences.currencies.mnemonic">U</entry>

<entry key="preferences.currencies.add_currency">Add</entry>
<entry key="preferences.currencies.add_currency.mnemonic">A</entry>

<entry key="preferences.currencies.edit_currency">Edit</entry>
<entry key="preferences.currencies.edit_currency.mnemonic">T</entry>

<entry key="preferences.currencies.reminder">If you add new currencies here, remember to also add them in your document using \DTLnewcurrencysymbol if you need datatool.sty to parse currency values in the document.</entry>

<entry key="preferences.currencies.remove_currency">Remove</entry>
<entry key="preferences.currencies.remove_currency.mnemonic">R</entry>

<entry key="preferences.editor">Cell Editor Settings</entry>
<entry key="preferences.editor.mnemonic">N</entry>

<entry key="preferences.editor.info">Preferred dimension on startup. The cell editor may be wider than the preferred width in order to fit the toolbar.</entry>

<entry key="preferences.editor.height">Preferred Height</entry>

<entry key="preferences.editor.width">Preferred Width</entry>

<entry key="preferences.editor.syntax">Syntax Highlighting</entry>
<entry key="preferences.editor.syntax.mnemonic">Y</entry>

<entry key="preferences.editor.sampler">% This is a comment
The \emph'{'quick'}' brown ``fox'''' jumped over 
the \strong'{'lazy'}' dog.
\$ £ € \# [ + - ] 0123456789
@ / &lt; &gt; \&amp; ~ $x_0 y^2$
‘quoted’ “double quoted” ! ?</entry>

<entry key="preferences.editor.font">Font</entry>
<entry key="preferences.editor.font.mnemonic">F</entry>

<entry key="preferences.editor.fontsize">Font Size</entry>
<entry key="preferences.editor.fontsize.mnemonic">Z</entry>

<entry key="preferences.editor.highlightcomment">Comment Color</entry>
<entry key="preferences.editor.highlightcomment.mnemonic">M</entry>

<entry key="preferences.editor.choose.highlightcomment">Choose...</entry>
<entry key="preferences.editor.choose.highlightcomment.tooltip">Choose comment color</entry>

<entry key="preferences.editor.highlightcs">Control Sequence Color</entry>
<entry key="preferences.editor.highlightcs.mnemonic">R</entry>

<entry key="preferences.editor.choose.highlightcs">Choose...</entry>
<entry key="preferences.editor.choose.highlightcs.tooltip">Choose control sequence color</entry>

<entry key="preferences.editor.cellforeground">Text Color</entry>
<entry key="preferences.editor.cellforeground.mnemonic">X</entry>

<entry key="preferences.editor.choose.cellforeground">Choose...</entry>
<entry key="preferences.editor.choose.cellforeground.tooltip">Choose text color</entry>

<entry key="preferences.editor.cellbackground">Background</entry>
<entry key="preferences.editor.cellbackground.mnemonic">B</entry>

<entry key="preferences.editor.choose.cellbackground">Choose...</entry>
<entry key="preferences.editor.choose.cellbackground.tooltip">Choose background color</entry>

<entry key="preferences.editor.cellfgbgswap">Swap</entry>
<entry key="preferences.editor.cellfgbgswap.tooltip">Swap foreground and background colors</entry>

<entry key="preferences.display">Display</entry>
<entry key="preferences.display.mnemonic">I</entry>

<entry key="preferences.display.celldims">Table Cell Dimensions</entry>

<entry key="preferences.display.cellheight">Cell Height</entry>

<entry key="preferences.display.cellwidths">Cell Widths</entry>

<entry key="preferences.display.cell_show_datum">Show datum info</entry>
<entry key="preferences.display.cell_show_datum.tooltip">Show datum information in numeric cells</entry>

<entry key="preferences.display.lookandfeel.title">Graphical Interface</entry>

<entry key="preferences.display.lookandfeel">Look and Feel:</entry>
<entry key="preferences.display.lookandfeel.mnemonic">K</entry>

<entry key="preferences.display.buttonsize">Toolbar Button Size:</entry>
<entry key="preferences.display.smallbuttonsize">Small Icon Size:</entry>

<entry key="preferences.display.lookandfeel.restart">Application needs a restart for a change in look and feel and button size to take effect.</entry>

<entry key="preferences.general">General</entry>
<entry key="preferences.general.mnemonic">G</entry>

<entry key="preferences.initial.capacities">Memory vs Speed Optimization</entry>

<entry key="preferences.initial.column.capacity">Initial Column Capacity</entry>
<entry key="preferences.initial.column.capacity.mnemonic">U</entry>

<entry key="preferences.initial.row.capacity">Initial Row Capacity</entry>
<entry key="preferences.initial.row.capacity.mnemonic">W</entry>

<entry key="preferences.language">Localisation</entry>
<entry key="preferences.language.mnemonic">L</entry>

<entry key="preferences.language.interface">Interface</entry>

<entry key="preferences.language.sort">Sort:</entry>
<entry key="preferences.language.sort.mnemonic">S</entry>
<entry key="preferences.language.sort.tooltip">Locale for non-numeric sorting</entry>

<entry key="preferences.language.numeric">Parsing and Formatting Numbers</entry>

<entry key="preferences.language.numeric_locale">Numeric Locale:</entry>
<entry key="preferences.language.numeric_locale.mnemonic">N</entry>
<entry key="preferences.language.decimal_symbols">Grouping separator: {0} (U+{1}) Decimal separator: {2} (U+{3})</entry>

<entry key="preferences.language.numeric_parsing">Numeric Parsing:</entry>

<entry key="preferences.language.numeric_parsing.match_locale">Match Numeric Locale</entry>

<entry key="preferences.language.numeric_parsing.pattern">Numeric Pattern</entry>
<entry key="preferences.language.numeric_parsing.pattern.mnemonic">T</entry>

<entry key="preferences.language.numeric_formatting">Numeric Formatting:</entry>
<entry key="preferences.language.numeric_formatting.int">Integers:</entry>
<entry key="preferences.language.numeric_formatting.decimal">Decimal:</entry>
<entry key="preferences.language.numeric_formatting.currency">Currency:</entry>

<entry key="preferences.language.numeric_formatting.int.match_locale">Match Numeric Locale</entry>

<entry key="preferences.language.numeric_formatting.int.pattern">Pattern</entry>

<entry key="preferences.language.numeric_formatting.currency.match_locale">Match Numeric Locale</entry>

<entry key="preferences.language.numeric_formatting.currency.pattern">Pattern</entry>

<entry key="preferences.language.numeric_formatting.decimal.match_locale">Match Numeric Locale</entry>

<entry key="preferences.language.numeric_formatting.decimal.pattern">Pattern</entry>


<entry key="preferences.language.numeric_formatting.decimal.siunitx">Use \num (siunitx.sty)</entry>
<entry key="preferences.language.numeric_formatting.decimal.siunitx.mnemonic">X</entry>


<entry key="preferences.language.dictionary">GUI Language:</entry>
<entry key="preferences.language.dictionary.mnemonic">A</entry>
<entry key="preferences.language.dictionary.tooltip">Language for menus, buttons etc</entry>

<entry key="preferences.language.helpset">Manual Language: </entry>
<entry key="preferences.language.helpset.mnemonic">M</entry>
<entry key="preferences.language.helpset.tooltip">Language for the application help pages</entry>

<entry key="preferences.language.restart">Application needs to be restarted for manual and GUI language change to take effect.</entry>

<entry key="preferences.plugins">Plugins</entry>
<entry key="preferences.plugins.mnemonic">P</entry>

<entry key="preferences.plugins.note">Perl and the Perl Tk module must be installed for plugins to work. If you have Perl installed but it''s not on your path, you need to specify the full path to the Perl executable in the box below.</entry>

<entry key="preferences.plugins.perl">Perl</entry>
<entry key="preferences.plugins.perl.mnemonic">L</entry>

<entry key="preferences.shuffle">Shuffle</entry>

<entry key="preferences.shuffle.seed">Random Seed</entry>
<entry key="preferences.shuffle.seed.mnemonic">R</entry>

<entry key="preferences.startup">Start Up Directory</entry>

<entry key="preferences.startup.custom">Custom</entry>
<entry key="preferences.startup.custom.mnemonic">T</entry>

<entry key="preferences.startup.cwd">Current Working Directory</entry>
<entry key="preferences.startup.cwd.mnemonic">W</entry>

<entry key="preferences.startup.home">Home</entry>
<entry key="preferences.startup.home.mnemonic">M</entry>

<entry key="preferences.startup.last">Last</entry>
<entry key="preferences.startup.last.mnemonic">L</entry>

<entry key="preferences.sql">SQL Connection</entry>
<entry key="preferences.sql.mnemonic">Q</entry>

<entry key="preferences.sql.database">Database: </entry>
<entry key="preferences.sql.database.mnemonic">D</entry>

<entry key="preferences.sql.host">Host: </entry>
<entry key="preferences.sql.host.mnemonic">S</entry>

<entry key="preferences.sql.port">Port: </entry>
<entry key="preferences.sql.port.mnemonic">T</entry>

<entry key="preferences.sql.prefix">Prefix: </entry>
<entry key="preferences.sql.prefix.mnemonic">X</entry>

<entry key="preferences.sql.user">User Name: </entry>
<entry key="preferences.sql.user.mnemonic">M</entry>

<entry key="preferences.sql.wipe">Wipe Password After Use</entry>
<entry key="preferences.sql.wipe.mnemonic">W</entry>

<entry key="preferences.tex">TeX I/O</entry>
<entry key="preferences.tex.mnemonic">E</entry>

<entry key="preferences.tex.output">Output Files</entry>

<entry key="preferences.tex.format">Default Format:</entry>
<entry key="preferences.tex.format.mnemonic">F</entry>
<entry key="preferences.tex.format.tooltip">Default format to use when saving new or imported data</entry>

<entry key="preferences.tex.override_format">Override DBTEX/DTLTEX input format</entry>
<entry key="preferences.tex.override_format.mnemonic">X</entry>

<entry key="preferences.tex.save_datum">When saving as DBTEX 3.0, save datum elements for:</entry>
<entry key="preferences.tex.save_datum.all">all non-null values</entry>
<entry key="preferences.tex.save_datum.header_type">according to header type</entry>
<entry key="preferences.tex.save_datum.entry_type">according to element type</entry>
<entry key="preferences.tex.save_datum.none">no entries</entry>

<entry key="preferences.tex.save_datum.type">For types:</entry>
<entry key="preferences.tex.save_datum.type.int">Integer</entry>
<entry key="preferences.tex.save_datum.type.decimal">Decimal</entry>
<entry key="preferences.tex.save_datum.type.currency">Currency</entry>
<entry key="preferences.tex.save_datum.type.string">String</entry>

<entry key="preferences.tex.import">Imported Data</entry>

<entry key="preferences.tex.latexapp">LaTeX Executable: </entry>
<entry key="preferences.tex.latexapp.mnemonic">L </entry>

<entry key="preferences.tex.encoding">Default Encoding:</entry>
<entry key="preferences.tex.encoding.mnemonic">N</entry>

<entry key="preferences.tex.stripsolnenv">Strip solution environment from probsoln problems</entry>
<entry key="preferences.tex.stripsolnenv.mnemonic">B</entry>

<entry key="preferences.tex.preambleonly">Stop parsing if \begin'{'document'}' encountered</entry>

<entry key="preferences.tex.other_import">For other import settings, go to the {0} tab.</entry>

<!-- TeX Mappings Table -->

<entry key="texmap.add_mapping">Add Mapping</entry>

<entry key="texmap.character">Character</entry>
<entry key="texmap.character.mnemonic">T</entry>

<entry key="texmap.edit_mapping">Edit Mapping</entry>

<entry key="texmap.replacement">Replacement</entry>
<entry key="texmap.replacement.mnemonic">R</entry>

<!-- Sort Dialog -->

<entry key="sort.title">Sort Database</entry>

<entry key="sort.add_criteria">Add Criteria</entry>
<entry key="sort.remove_criteria">Remove Criteria</entry>
<entry key="sort.moveup">Move Up</entry>
<entry key="sort.movedown">Move Down</entry>

<entry key="sort.ascending">Ascending</entry>
<entry key="sort.ascending.mnemonic">A</entry>

<entry key="sort.null">Treat null values as:</entry>

<entry key="sort.null_first">smallest</entry>
<entry key="sort.null_first.mnemonic">M</entry>

<entry key="sort.null_last">largest</entry>
<entry key="sort.null_last.mnemonic">G</entry>

<entry key="sort.case_sensitive">Case sensitive</entry>
<entry key="sort.case_sensitive.mnemonic">S</entry>

<entry key="sort.column">Sort on Column: </entry>
<entry key="sort.column.mnemonic">L</entry>

<entry key="sort.descending">Descending</entry>
<entry key="sort.descending.mnemonic">D</entry>

<entry key="sort.fallbacks">Use fallback if value missing</entry>
<entry key="sort.add_fallback">Add Fallback</entry>
<entry key="sort.remove_fallback">Remove Fallback</entry>
<entry key="sort.fallbackup">Move Up</entry>
<entry key="sort.fallbackdown">Move Down</entry>

<entry key="sort.fallback_selection.title">Select Fallback Field</entry>
<entry key="sort.fallback_selection.field">Field:</entry>

<entry key="sort.letter">Character Code</entry>
<entry key="sort.letter.mnemonic">T</entry>

<entry key="sort.locale">Locale</entry>
<entry key="sort.locale.mnemonic">O</entry>

<entry key="sort.string.message">When comparing strings use:</entry>

<!-- Import SQL Dialog -->

<entry key="importsql.title">Import SQL Data</entry>

<entry key="importsql.select">SELECT </entry>
<entry key="importsql.select.mnemonic">L</entry>

<entry key="importsql.database">Database: </entry>
<entry key="importsql.database.mnemonic">D</entry>

<entry key="importsql.host">Host: </entry>
<entry key="importsql.host.mnemonic">S</entry>

<entry key="importsql.prefix">Prefix: </entry>
<entry key="importsql.prefix.mnemonic">X</entry>

<entry key="importsql.port">Port: </entry>
<entry key="importsql.port.mnemonic">P</entry>

<entry key="importsql.user">User Name: </entry>
<entry key="importsql.user.mnemonic">U</entry>

<!-- Password Dialog -->

<entry key="password.title">SQL Password</entry>

<entry key="password.prompt">Password: </entry>
<entry key="password.prompt.mnemonic">P</entry>

<!-- Import Spreadsheet Dialog -->

<entry key="importspread.title">Import Sheet</entry>
<entry key="importspread.sheet">Select sheet:</entry>

<!-- Cell Editor Dialog -->

<entry key="celledit.title">Cell Editor</entry>

<entry key="celledit.text">Text (LaTeX syntax with default category codes):</entry>
<entry key="celledit.text.mnemonic">T</entry>

<!-- Shared by inline editor and cell editor dialog -->
<entry key="celledit.type">Type:</entry>
<entry key="celledit.type.mnemonic">P</entry>
<entry key="celledit.currency">Currency:</entry>
<entry key="celledit.currency.mnemonic">Y</entry>
<entry key="celledit.numeric">Value:</entry>
<entry key="celledit.numeric.mnemonic">V</entry>


<entry key="message.celledit.not_numeric">Text is not numeric.
Check the parser settings if this is incorrect.</entry>

<!-- Only for inline editing -->
<entry key="celledit.reformat">Reformat on edit</entry>
<entry key="celledit.reformat.mnemonic">F</entry>
<entry key="celledit.reparse">Reparse on edit</entry>
<entry key="celledit.reparse.mnemonic">P</entry>

<entry key="celledit.NULL">NULL</entry>

<!-- Cell Editor Dialog Menus -->

<entry key="editormenu.title">Cell Editor Menu</entry>

<entry key="editormenu.edit">Edit</entry>
<entry key="editormenu.edit.mnemonic">E</entry>

<entry key="editormenu.edit.undo">Undo</entry>
<entry key="editormenu.edit.undo.mnemonic">U</entry>
<entry key="editormenu.edit.undo.keystroke">control Z</entry>

<entry key="editormenu.edit.redo">Redo</entry>
<entry key="editormenu.edit.redo.mnemonic">R</entry>
<entry key="editormenu.edit.redo.keystroke">control Y</entry>

<entry key="editormenu.edit.select_all">Select All</entry>
<entry key="editormenu.edit.select_all.mnemonic">A</entry>
<entry key="editormenu.edit.select_all.keystroke">control A</entry>

<entry key="editormenu.edit.cut">Cut</entry>
<entry key="editormenu.edit.cut.mnemonic">T</entry>
<entry key="editormenu.edit.cut.keystroke">control X</entry>

<entry key="editormenu.edit.copy">Copy</entry>
<entry key="editormenu.edit.copy.mnemonic">C</entry>
<entry key="editormenu.edit.copy.keystroke">control C</entry>

<entry key="editormenu.edit.paste">Paste</entry>
<entry key="editormenu.edit.paste.mnemonic">P</entry>
<entry key="editormenu.edit.paste.keystroke">control V</entry>

<entry key="editormenu.edit.parse">Parse Numeric</entry>
<entry key="editormenu.edit.parse.mnemonic">N</entry>
<entry key="editormenu.edit.parse.tooltip">Parse numeric value</entry>
<entry key="editormenu.edit.parse.description">Parse the text for a numeric value (integer, decimal or currency)</entry>

<entry key="editormenu.edit.reload">Revert</entry>
<entry key="editormenu.edit.reload.mnemonic">V</entry>
<entry key="editormenu.edit.reload.keystroke">control R</entry>
<entry key="editormenu.edit.reload.tooltip">Reload the cell content</entry>
<entry key="editormenu.edit.reload.description">Reloads the cell content into the editor</entry>

<entry key="editormenu.edit.cell_to_null">Set to Null</entry>
<entry key="editormenu.edit.cell_to_null.mnemonic">N</entry>
<entry key="editormenu.edit.cell_to_null.tooltip">Replace cell contents with null value</entry>

<entry key="editormenu.search">Search</entry>
<entry key="editormenu.search.mnemonic">S</entry>

<entry key="editormenu.search.find">Find...</entry>
<entry key="editormenu.search.find.mnemonic">F</entry>
<entry key="editormenu.search.find.keystroke">control F</entry>

<entry key="editormenu.search.find_again">Find Again</entry>
<entry key="editormenu.search.find_again.mnemonic">N</entry>
<entry key="editormenu.search.find_again.keystroke">control G</entry>

<entry key="editormenu.search.replace">Replace...</entry>
<entry key="editormenu.search.replace.mnemonic">R</entry>
<entry key="editormenu.search.replace.keystroke">control H</entry>


<!-- Find Dialog -->

<entry key="find.title">Find</entry>

<entry key="find.case">Case Sensitive</entry>
<entry key="find.case.mnemonic">A</entry>

<entry key="find.cell_containing">Find Cell Containing: </entry>
<entry key="find.cell_containing.mnemonic">T </entry>

<entry key="find.close">Close</entry>
<entry key="find.close.mnemonic">C</entry>

<entry key="find.colwise">Column Wise</entry>
<entry key="find.colwise.mnemonic">U</entry>

<entry key="find.find">Find</entry>
<entry key="find.find.mnemonic">F</entry>

<entry key="find.not_found">Not found</entry>

<entry key="find.not_found_in_cell">Not found in this cell</entry>

<entry key="find.regex">Regular Expression</entry>
<entry key="find.regex.mnemonic">X</entry>

<entry key="find.rowwise">Row Wise</entry>
<entry key="find.rowwise.mnemonic">R</entry>

<entry key="find.search_for">Search For: </entry>
<entry key="find.search_for.mnemonic">S </entry>

<entry key="find.wrap">Wrap round</entry>
<entry key="find.wrap.mnemonic">W</entry>

<!-- Extra Fields for Find and Replace Dialog -->

<entry key="replace.title">Replace</entry>

<entry key="replace.all_in">Replace all occurrences within:</entry>

<entry key="replace.in_column">Selected Column</entry>
<entry key="replace.in_column.mnemonic">L</entry>

<entry key="replace.in_db">Selected Database</entry>
<entry key="replace.in_db.mnemonic">D</entry>

<entry key="replace.in_row">Selected Row</entry>
<entry key="replace.in_row.mnemonic">W</entry>

<entry key="replace.num_replaced">{0,number,integer} {0,choice,1#occurrence|1&lt;occurrences} replaced.</entry>

<entry key="replace.replace">Replace</entry>
<entry key="replace.replace.mnemonic">R</entry>

<entry key="replace.replace_all">Replace All</entry>
<entry key="replace.replace_all.mnemonic">A</entry>

<entry key="replace.replace_text">Replacement Text: </entry>
<entry key="replace.replace_text.mnemonic">T </entry>

<!-- Column Header Dialog -->

<entry key="header.title">Column ''{0}''</entry>

<entry key="header.tooltip_format">Label: {0}. Type: {1}</entry>

<entry key="header.column_title">Title</entry>
<entry key="header.column_title.mnemonic">T</entry>

<entry key="header.column_label">Label</entry>
<entry key="header.column_label.mnemonic">L</entry>

<entry key="header.column_label_note">(Avoid TeX active characters.)</entry>

<entry key="header.column_type">Type</entry>
<entry key="header.column_type.mnemonic">P</entry>

<entry key="header.type.currency">Currency</entry>
<entry key="header.type.currency.mnemonic">Y</entry>

<entry key="header.type.int">Integer</entry>
<entry key="header.type.int.mnemonic">R</entry>

<entry key="header.type.real">Real</entry>
<entry key="header.type.real.mnemonic">A</entry>

<entry key="header.type.string">String</entry>
<entry key="header.type.string.mnemonic">G</entry>

<entry key="header.type.unset">Unset</entry>
<entry key="header.type.unset.mnemonic">T</entry>

<!-- New From Template Dialog -->

<entry key="template.title">New From Template</entry>
<entry key="template.message">Select Template: </entry>

<!-- File Filter -->

<entry key="filter.csv">CSV Files ({0})</entry>
<entry key="filter.csvtxt">CSV and TXT Files ({0})</entry>
<entry key="filter.dbtex">Datatool DBTEX v{0} Files ({1})</entry>
<entry key="filter.dtltex">Datatool DTLTEX v{0} Files ({1})</entry>
<entry key="filter.datatool">Datatool Files ({0})</entry>
<entry key="filter.ods">Open Document Spreadsheet ({0})</entry>
<entry key="filter.tex">TeX Files ({0})</entry>
<entry key="filter.txt">Text Files ({0})</entry>
<entry key="filter.xls">XLS Files ({0})</entry>
<entry key="filter.xlsods">Spreadsheets ({0})</entry>

<!-- Button Labels -->

<entry key="button.cancel">Cancel</entry>
<entry key="button.cancel.mnemonic">C</entry>

<entry key="button.close_panel">Close</entry>
<entry key="button.close_panel.mnemonic">C</entry>
<entry key="button.close_panel.tooltip">Close this database</entry>

<entry key="button.copy">Copy</entry>
<entry key="button.copy.mnemonic">Y</entry>
<entry key="button.copy.tooltip">Copy contents of text area to the clipboard</entry>

<entry key="button.exit">Exit</entry>
<entry key="button.exit.mnemonic">X</entry>
<entry key="button.exit.tooltip">Force exit without saving</entry>

<entry key="button.import">Import</entry>

<entry key="button.choose_file">Choose</entry>
<entry key="button.choose_file.tooltip">Open file chooser</entry>

<entry key="button.help">Help</entry>
<entry key="button.help.mnemonic">H</entry>

<entry key="button.okay">Okay</entry>
<entry key="button.okay.mnemonic">O</entry>

<entry key="button.scrollback">Scroll Back</entry>

<entry key="button.scrollforward">Scroll Forward</entry>

<entry key="button.select">Select</entry>
<entry key="button.select.mnemonic">S</entry>

<!-- Default Labels -->

<entry key="default.field">Field{0,number}</entry>
<entry key="default.texheader">Created by {0} on {1,date}</entry>
<entry key="default.untitled">Untitled</entry>

<!-- Header Keys for probsoln Imports -->

<entry key="probsoln.answer">Answer</entry>
<entry key="probsoln.label">Label</entry>
<entry key="probsoln.question">Question</entry>
<entry key="probsoln.set">Data Set</entry>

<!-- Undo/Redo -->

<entry key="undo.add_column">Add Column</entry>
<entry key="undo.add_row">Add Row</entry>
<entry key="undo.cell_edit">Cell Edit</entry>
<entry key="undo.edit_name">Edit Database Name</entry>
<entry key="undo.header_edit">Header Edit</entry>
<entry key="undo.header_type">Change Header Type</entry>
<entry key="undo.merge">Merge Databases</entry>
<entry key="undo.move_column">Move Column</entry>
<entry key="undo.move_row">Move Row</entry>
<entry key="undo.nullify_row">Nullify Row</entry>
<entry key="undo.nullify_column">Nullify Column</entry>
<entry key="undo.empty_to_null">Empty to Null</entry>
<entry key="undo.plugin_action">Plugin ''{0}'' action</entry>
<entry key="undo.remove_column">Remove Column</entry>
<entry key="undo.remove_row">Remove Row</entry>
<entry key="undo.replace_row">Replace Row</entry>
<entry key="undo.shuffle">Shuffle</entry>
<entry key="undo.sort">Sort</entry>

<!-- Messages -->

<entry key="message.cancelled">Canceled</entry>
<entry key="message.cells_updated">{0,number} {0,choice,1#cell|1&lt;cells} updated.</entry>
<entry key="message.confirm_discard">Confirm Discard</entry>
<entry key="message.confirm_overwrite">Confirm Overwrite</entry>
<entry key="message.discard_edit_query">Discard the edits you have just made?</entry>
<entry key="message.input_database_name">Database Name (as used in \DTLnewdb):</entry>
<entry key="message.no_empty_cells_found">No empty cells found</entry>
<entry key="message.no_null_cells_found">No null cells found</entry>
<entry key="message.overwrite_query">Overwrite {0}?</entry>
<entry key="message.unsaved_data">Unsaved Data</entry>
<entry key="message.unsaved_data_query">''{0}'' has been modified. Do you want to save it?</entry>

<!-- Information Messages -->

<entry key="info.edit">Double-click on the cell to edit it.</entry>
<entry key="info.edit_header">Double-click on the column title to edit the header information or single-click and drag sideways to move the column.</entry>
<entry key="info.edit_name">Double-click on the tab to edit the database name. Click on the tab close icon to close this database.</entry>
<entry key="info.empty_db">Use {0} to add columns to the database.</entry>
<entry key="info.move_row">Drag row button vertically to move it up or down.</entry>
<entry key="info.no_rows">Use {0} to add rows to the database.</entry>
<entry key="info.not_empty_db">Use {0} and {1} to add or remove columns and rows, or double-click on a cell to edit it.</entry>
<entry key="info.view_or_edit">Double-click on the cell to view or edit its contents.</entry>

<!-- Syntax -->

<entry key="syntax.title">Syntax:</entry>

<entry key="syntax.autotrimlabels">{0}	Automatically trim labels.{1}</entry>

<entry key="syntax.batch">{0} (or {1})	No GUI interface. (Default.)</entry>

<entry key="syntax.bugreport">Report bugs to: {0}</entry>

<entry key="syntax.compat">{0} &lt;level&gt;		Set the compatibility level.</entry>

<entry key="syntax.csv">{0} &lt;csv file&gt;	Import &lt;csv file&gt;.</entry>

<entry key="syntax.csv_delim">{0} &lt;character&gt;	Delimiter used in CSV files. (Defaults to ''{1}''. Synonym: {2})</entry>

<entry key="syntax.csv_encoding">{0} &lt;encoding&gt;		CSV file encoding. Synonym: {1}.</entry>

<entry key="syntax.csv_empty_rows">{0} &lt;setting&gt;	Set behaviour for empty rows on import from CSV or spreadsheet. (Default value: {1})</entry>

<entry key="syntax.csv_escape">{0} &lt;char&gt;	Deprecated, use {1} instead.</entry>

<entry key="syntax.csv_escape_chars">{0} &lt;setting&gt;	Set behaviour for parsing special characters within elements in CSV files. (Default value: {1})</entry>

<entry key="syntax.csv_header">{0}		CSV files have a header row.{1} Synonym: {2}.</entry>

<entry key="syntax.csv_noheader">{0}		CSV files don''t have a header row.{1} Synonym: {2}.</entry>
<entry key="syntax.csv_nostrictquotes">{0}		Don''t ignore characters that haven''t been enclosed in the designated delimiters.</entry>

<entry key="syntax.csv_opts">CSV Options:</entry>

<entry key="syntax.csv_sep">{0} &lt;character&gt;	Separator used in CSV files. (Defaults to ''{1}''. Synonym: {2})</entry>

<entry key="syntax.tsv_sep">{0}		CSV files have TAB separators. (Equivalent to using ''{1}'' with TAB character)</entry>

<entry key="syntax.csv_skiplines">{0} &lt;number&gt;		Skip the specified &lt;number&gt; of lines at the start of CSV files.</entry>

<entry key="syntax.csv_strictquotes">{0}		Ignore characters not enclosed in the designated delimiters.</entry>

<entry key="syntax.debug">{0}			Switch on debug mode.</entry>
<entry key="syntax.debug-mode">{0} &lt;mode&gt;		Set debug mode for TeX Parser Library.</entry>
<entry key="syntax.default">Default</entry>

<entry key="syntax.filter">{0} &lt;key&gt; &lt;operator&gt; &lt;value&gt;
		Add a filter (may be used multiple times).
		&lt;key&gt; is the name of a column label and &lt;operator&gt; may be one
		of: ''eq'' (equals), ''ne'' (does not equal), ''le'' (is less than or
		equal to), ''lt'' (is less than), ''ge'' (is greater than or equal
		to), ''gt'' (is greater than), ''regex'' (matches the regular
		expression).</entry>

<entry key="syntax.filter_and">{0}	Use ''AND'' operator when filtering.</entry>

<entry key="syntax.filter_or">{0}	Use ''OR'' operator when filtering. (Default.)</entry>

<entry key="syntax.filter_exclude">{0}
		When filtering discard rows that match the filter
		specifications (and keep those that don''t match).</entry>

<entry key="syntax.filter_include">{0}
		When filtering discard rows that don''t match the filter
		specifications (and keep those that do match).
		(Default.)</entry>

<entry key="syntax.general">General Options:</entry>

<entry key="syntax.gui">{0} (or {1})	GUI interface.</entry>

<entry key="syntax.help">{0} (or {1})		Print this help message and exit.</entry>
<entry key="syntax.homepage">{0} home page: {1}</entry>

<entry key="syntax.import">{0} &lt;filename&gt;	Import data from &lt;filename&gt;</entry>

<entry key="syntax.in">{0} (or {1}) &lt;datatool file&gt;
		Load &lt;datatool file&gt;. (Can''t be used with --csv or --sql or
		--probsoln.) The {0} (or {1}) switch is optional so
		{2} &lt;file&gt; is equivalent to {2} {0} &lt;file&gt;.</entry>

<entry key="syntax.in">{0} &lt;log file&gt;	Write messages to log file</entry>

<entry key="syntax.log">{0} &lt;filename&gt;		If debugging on, log TeX Parser messages in the given file.</entry>

<entry key="syntax.maptexspecials">{0}	Map TeX special characters.{1}</entry>
<entry key="syntax.literal">{0}	Non-TeX imports have literal content.{1}</entry>

<entry key="syntax.merge">{0} &lt;key&gt; &lt;file&gt;
		Merge input or imported database with the database
		stored in the given file on the column whose label is &lt;key&gt;.
		(Only one of the merge options is permitted.)</entry>

<entry key="syntax.merge_import">{0} &lt;key&gt; &lt;file&gt;
		Merge input or imported database with data imported from
		given file on the column whose label is &lt;key&gt;.
		(Only one of the merge options is permitted.)</entry>

<entry key="syntax.merge_csv">{0} &lt;key&gt; &lt;file&gt;	Import CSV data from &lt;file&gt;
				and merge with the loaded database
				on the column whose label is &lt;key&gt;.
			(Only one of the merge options is permitted.)</entry>

<entry key="syntax.merge_ods">{0} &lt;key&gt; &lt;filename&gt;	Import ODS data from &lt;filename&gt;
				and merge with the loaded database
				on the column whose label is &lt;key&gt;.
			(Only one of the merge options is permitted.)</entry>

<entry key="syntax.merge_probsoln">{0} &lt;key&gt; &lt;file&gt;	Import probsoln data from &lt;file&gt;
				and merge with the loaded database
				on the column whose label is &lt;key&gt;.
			(Only one of the merge options is permitted.)</entry>

<entry key="syntax.merge_sql">{0} &lt;key&gt; &lt;statement&gt;	Import data from SQL database
				and merge with the loaded database
				on the column whose label is &lt;key&gt;.
			(Only one of the merge options is permitted.)</entry>

<entry key="syntax.merge_xls">{0} &lt;key&gt; &lt;filename&gt;	Import Excel data from &lt;filename&gt;
				and merge with the loaded database
				on the column whose label is &lt;key&gt;.
			(Only one of the merge options is permitted.)</entry>

<entry key="syntax.name">{0} &lt;name&gt;	Set the database label (as used in \DTLnewdb) to &lt;name&gt;.</entry>

<entry key="syntax.noautotrimlabels">{0}	Don''t trim labels.{1}</entry>
<entry key="syntax.nodebug">{0}		Switch off debug mode. (Default.)</entry>
<entry key="syntax.csv_noescape">{0}		Synonym: {1}.</entry>
<entry key="syntax.nomaptexspecials">{0}	Don''t map TeX special characters.{1}</entry>

<entry key="syntax.noowner_only">{0}	Don''t change file permissions for .dbtex files. {1}</entry>
<entry key="syntax.noskipemptyrows">{0}	Don''t skip empty rows on import.{1}</entry>
<entry key="syntax.no_shuffle">{0}	Don''t shuffle the database. (Default.)</entry>

<entry key="syntax.ods">{0} &lt;filename&gt;	Import ODS data from &lt;filename&gt;</entry>
<entry key="syntax.ods_opts">ODS Options:</entry>

<entry key="syntax.opt_db">{0} [&lt;option&gt;]+ --in &lt;datatool file&gt;</entry>
<entry key="syntax.opt_import">{0} [&lt;option&gt;]+ --import &lt;file&gt;</entry>
<entry key="syntax.opt_sql">{0} [&lt;option&gt;]+ --sqldb &lt;name&gt; --sql &lt;sql statement&gt;</entry>

<entry key="syntax.or">or</entry>

<entry key="syntax.out">{0} (or {1}) &lt;filename&gt;	Save to &lt;filename&gt;.</entry>

<entry key="syntax.owner_only">{0}	Set file permissions to owner read/write on .dbtex files. {1}</entry>

<entry key="syntax.preamble_only">{0}	If the TeX parser encounters \begin'{'document'}', stop parsing</entry>
<entry key="syntax.probsoln">{0} &lt;filename&gt;	Import probsoln data from &lt;filename&gt;</entry>
<entry key="syntax.probsoln_opts">probsoln Options:</entry>

<entry key="syntax.remove_except_cols">{0} &lt;col-1&gt;,...,&lt;col-n&gt;	Remove all columns except those identified (labels or indexes starting from 1).</entry>

<entry key="syntax.remove_cols">{0} &lt;col-1&gt;,...,&lt;col-n&gt;	Remove given list of columns (labels or indexes starting from 1).</entry>

<entry key="syntax.seed">{0} &lt;number&gt;	Set the random seed to &lt;number&gt; or clear it if &lt;number&gt; is "".</entry>

<entry key="syntax.sheet">{0} &lt;ref&gt;		Fetch data from sheet &lt;ref&gt;,
			where &lt;ref&gt; can be an index (starting from 0)
			or the name of a sheet.</entry>

<entry key="syntax.shuffle">{0}	Shuffle the database. (Shuffle is always performed after sort,
		regardless of the option order.)</entry>

<entry key="syntax.skipemptyrows">{0}	Skip empty rows on import from CSV or spreadsheet.{1}</entry>

<entry key="syntax.sort">{0} [+|-]&lt;field&gt;
		Sort the database on the column whose label is given by &lt;field&gt;.
		If &lt;field&gt; is preceded by ''+'', use ascending order. If
		&lt;field&gt; is preceded by ''-'', use descending order. If sign
		prefix is omitted, ''+'' is assumed. (Sort is always performed
		before shuffle, regardless of option order.)</entry>

<entry key="syntax.sort_case_insensitive">{0}	Use case insensitive comparison when sorting strings.
			(Default.)</entry>

<entry key="syntax.sort_case_sensitive">{0}	Use case sensitive comparison when sorting strings.</entry>

<entry key="syntax.sort_locale">{0} &lt;tag&gt;	Sort according to the alphabet identified
			by &lt;tag&gt; (which should be a valid IETF
			language tag) or, if &lt;tag&gt; is the keyword
			''none'' use non-locale letter order.</entry>

<entry key="syntax.sql">{0} &lt;statement&gt;	Import data from SQL database where &lt;statement&gt; is a SQL SELECT statement.</entry>

<entry key="syntax.sql_db">{0} &lt;name&gt;		SQL database name.</entry>

<entry key="syntax.sql_host">{0} &lt;hostname&gt;	SQL host. (Default: ''{1}''.)</entry>

<entry key="syntax.sql_noconsole">{0} &lt;action&gt;
	When requesting a SQL password in batch mode if there is no
	console available do:
	&lt;action&gt;: ''stdin'' - read from STDIN instead (least secure option)
	&lt;action&gt;: ''gui'' - use a dialog box (default)
	&lt;action&gt;: ''error'' - issue an error.</entry>

<entry key="syntax.sql_nowipepassword">{0}	Don''t wipe the password from memory as soon as it has
			been used to connect to a SQL database.{1}</entry>

<entry key="syntax.sql_opts">SQL Options:</entry>

<entry key="syntax.sql_password">{0}  &lt;password&gt;
		SQL password (insecure). If omitted, you will be prompted for
		the password if you try to import data from a SQL database.</entry>

<entry key="syntax.sql_port">{0} &lt;number&gt;	SQL port. (Default: {1}.)</entry>

<entry key="syntax.sql_prefix">{0} &lt;prefix&gt;	SQL prefix. (Default: ''{1}''.)</entry>

<entry key="syntax.sql_user">{0} &lt;user name&gt;	SQL user name.</entry>

<entry key="syntax.sql_wipepassword">{0}	For extra security, wipe the password from memory as
		soon as it has been used to connect to a SQL database.{1}</entry>

<entry key="syntax.tex_encoding">{0} &lt;encoding&gt;		TeX file encoding.</entry>

<entry key="syntax.output_format">{0} dbtex-2|dbtex-3|dtltex-2|dtltex-3		Output file format.</entry>

<entry key="syntax.dtl_read">{0} &lt;options&gt; &lt;file&gt; Import option that simulates \DTLread[&lt;options&gt;]'{'&lt;file&gt;'}'.</entry>

<entry key="syntax.dtl_write">{0} &lt;options&gt; &lt;file&gt; Export option that simulates \DTLwrite[&lt;options&gt;]'{'&lt;file&gt;'}'.</entry>

<entry key="syntax.truncate">{0} &lt;n&gt;	Truncate the database to the first &lt;n&gt; rows.
		(Has no effect if &lt;n&gt; is greater than the total number of rows.)
		This option is always performed last (after any sorting,
		shuffling and filtering).</entry>

<entry key="syntax.version">{0} (or {1})	Print version and exit.</entry>

<entry key="syntax.xlsx">{0} &lt;filename&gt;	Import MS Excel (*.xlsx) data from &lt;filename&gt;</entry>
<entry key="syntax.xlsods_opts">Excel and ODS Options:</entry>
<entry key="syntax.xls_opts">Excel Options:</entry>

<!-- Warning Messages -->

<entry key="warning.title">Warning</entry>

<entry key="warning.ignoring_filter">Ignoring filter option ''{0}''. No such column label.</entry>

<entry key="warning.texparser.used">This file was not in the expected .dbtex or .dtltex format, so the TeX Parser Library was used to interpret it. If you save a database to this file, the data will be saved in the .dbtex or .dtltex format not it its current format. Please check that you haven''t accidentally loaded your LaTeX document.</entry>

<entry key="warning.verb_detected">Verbatim text has been detected. You must remove this before inputting the database into a LaTeX document. See https://texfaq.org/FAQ-verbwithin for more details.</entry>

<entry key="warning.verb_detected_in_cell">Verbatim text has been detected in cell ({0,number},{1,number}). You must remove this before inputting the database into a LaTeX document. See https://texfaq.org/FAQ-verbwithin for more details.</entry>

<!-- Progress Messages -->

<entry key="progress.title">{0} Messages</entry>

<entry key="progress.confirm.cancel">Cancel current operation?</entry>
<entry key="progress.confirm.cancel.title">Confirm Abort</entry>

<entry key="progress.filtering">Filtering</entry>

<entry key="progress.importing">Importing {0}</entry>

<entry key="progress.loading">Loading {0}</entry>

<entry key="progress.merging">Merging {0}</entry>

<entry key="progress.quick_load_failed">Quick load failed ({0}).
Trying again with TeX Parser Library.</entry>

<entry key="progress.removing_columns">Removing columns</entry>
<entry key="progress.saving">Saving {0}</entry>
<entry key="progress.shuffling">Shuffling</entry>
<entry key="progress.sorting">Sorting</entry>
<entry key="progress.truncating">Truncating</entry>

<!-- Text for the manual  -->
<entry key="manual.labelled">labeled</entry>
<entry key="manual.favour">favor</entry>
<entry key="manual.colour">color</entry>
<entry key="index.licence">license</entry>

<!-- Errors -->

<entry key="error.syntax">Syntax error: {0}</entry>

<entry key="error.syntax.deprecated">Option {0} is deprecated. Use {1} instead.</entry>

<entry key="error.syntax.import_clash">{0} can''t be used with &lt;datatool file&gt;</entry>
<entry key="error.syntax.input_clash">&lt;datatool file&gt; can''t be used with an import option</entry>
<entry key="error.syntax.invalid_compat">Invalid compatibility setting {0}</entry>
<entry key="error.syntax.invalid_delim">Delimiter must be a single character not a string</entry>
<entry key="error.syntax.invalid_end_range">End index {0,number} must be less than starting index {1,number}</entry>
<entry key="error.syntax.invalid_esc">CSV escape must be a single character not a string</entry>
<entry key="error.syntax.invalid_filter_operator">Invalid filter operator ''{0}''</entry>
<entry key="error.syntax.invalid_locale">Invalid or unknown IETF locale tag ''{0}''</entry>
<entry key="error.syntax.invalid_noconsole_action">Invalid action ''{1}'' for ''{0}'' option</entry>
<entry key="error.syntax.invalid_sep">Separator must be a single character not a string</entry>
<entry key="error.syntax.invalid_skiplines">Invalid CSV skip lines value {0} (must be a non-negative number)</entry>

<entry key="error.syntax.missing_arg">Missing argument after {0}</entry>
<entry key="error.syntax.missing_char">Character expected after {0}</entry>
<entry key="error.syntax.missing_dbname">Database name expected after {0}</entry>
<entry key="error.syntax.missing_encoding">Missing encoding name after {0}</entry>
<entry key="error.syntax.missing_filename">Filename expected after {0}</entry>
<entry key="error.syntax.missing_filter_label">Missing column label after {0}</entry>
<entry key="error.syntax.missing_filter_operator">Missing operator after {0} {1}</entry>
<entry key="error.syntax.missing_filter_value">Missing operator after {0} {1} {2}</entry>
<entry key="error.syntax.missing_host">Host name expected after {0}</entry>
<entry key="error.syntax.missing_input">Filename expected after {0}</entry>
<entry key="error.syntax.missing_mode">Mode expected after {0}</entry>
<entry key="error.syntax.missing_number">Number expected after {0}</entry>
<entry key="error.syntax.missing_password">Password expected after {0} (omit {0} to be prompted for a password)</entry>
<entry key="error.syntax.missing_port">Port number expected after {0}</entry>
<entry key="error.syntax.missing_prefix">Prefix expected after {0}</entry>
<entry key="error.syntax.missing_sheet_ref">Reference expected after ''{0}''</entry>
<entry key="error.syntax.missing_sort_field">Sort field (and optionally ''+'' or ''-'' prefix) expected after {0}</entry>
<entry key="error.syntax.missing_sort_locale">IETF locale tag or ''none'' expected after {0}</entry>
<entry key="error.syntax.missing_sql">SQL statement expected after {0}</entry>
<entry key="error.syntax.missing_user">User name expected after {0}</entry>
<entry key="error.syntax.missing_value">Missing value after {0}</entry>

<entry key="error.syntax.not_a_number">Number expected after {0} (''{1}'' found)</entry>
<entry key="error.syntax.only_one">Only one {0} permitted</entry>
<entry key="error.syntax.only_one_import">Only one import option permitted</entry>
<entry key="error.syntax.only_one_export">Only one export option permitted</entry>
<entry key="error.syntax.only_one_input">Only one &lt;datatool file&gt; permitted</entry>
<entry key="error.syntax.only_one_merge">Only one merge option permitted</entry>
<entry key="error.syntax.option_clash">Option conflict: can''t specify both {0} and {1}</entry>

<entry key="error.syntax.syntax.missing_merge_file">Missing merge file after {0} {1}</entry>
<entry key="error.syntax.syntax.missing_merge_key">Missing merge key after ''{0}''</entry>
<entry key="error.syntax.syntax.missing_merge_statement">Missing merge SQL statement after {0} {1}</entry>

<entry key="error.syntax.missing_optionlist">Missing option list after {0}</entry>

<entry key="error.syntax.unknown_encoding">Unknown or invalid encoding name ''{0}''</entry>
<entry key="error.syntax.unknown_field">Unknown sort field ''{0}''</entry>
<entry key="error.syntax.invalid_set_value">Invalid value ''{0}'' for option {1} (allowed values: {2})</entry>
<entry key="error.syntax.invalid_output_format">Invalid output format identifier ''{0}''</entry>
<entry key="error.syntax.unknown_option">Unknown option ''{0}''. (Use --help or -h for help.)</entry>
<entry key="error.load_props_failed">Unable to load properties</entry>
<entry key="error.no_plugin_dict">Unable to find plugin dictionary for locale ''{0}'' or fallback ''{1}''</entry>


<entry key="error.title">Error</entry>
<entry key="error.message">Error Message</entry>
<entry key="error.message.mnemonic">M</entry>
<entry key="error.stacktrace">Stack Trace</entry>
<entry key="error.stacktrace.mnemonic">T</entry>

<entry key="error.char_delim_required">I''m sorry, the delimiter ''{0}'' is currently not supported by the CSV library. The character code must be less than {1}.</entry>
<entry key="error.char_esc_required">I''m sorry, the escape character ''{0}'' is currently not supported by the CSV library. The character code must be less than {1}.</entry>
<entry key="error.char_sep_required">I''m sorry, the separator ''{0}'' is currently not supported by the CSV library. The character code must be less than {1}.</entry>

<entry key="error.cli.no_out">{0} or {1} required for batch mode.
(If you want the GUI interface, use the {2} option. See {3} for help.)</entry>

<entry key="error.cli.no_out_no_gui">{0} or {1} required for batch mode. (Use {2} for help.)</entry>

<entry key="error.cli.no_data">A database must either be loaded or imported when using batch mode.
(If you want the GUI interface, use the {0} option. See {1} for help.)</entry>

<entry key="error.cli.no_data_no_gui">A database must either be loaded or imported. (Use {0} for help.)</entry>

<entry key="error.db.unknown_key">Unknown header key ''{0}'' in database ''{1}''</entry>
<entry key="error.dbload.invalid_col_id">invalid column index ''{0}''</entry>
<entry key="error.dbload.invalid_row_id">invalid row index ''{0}''</entry>
<entry key="error.dbload.missing_data">No database information found in ''{0}''.</entry>
<entry key="error.dbload.multiple_db_found">Multiple databases found in ''{0}''. Selecting ''{1}''</entry>
<entry key="error.dbload.not_found">Premature end of file. Not a DBTEX v2.0 file. Failed to find ''{0}''</entry>
<entry key="error.dbload.unknown_type">unknown data type ''{0}''</entry>
<entry key="error.dbload.wrong_end_col_tag">column {0,number} ended with closing tag for column {1,number}</entry>
<entry key="error.dbload.wrong_end_row_tag">row {0,number} ended with closing tag for row {1,number}</entry>

<entry key="error.expected">expected ''{0}''</entry>
<entry key="error.expected_found">expected ''{0}'', found ''{1}''</entry>
<entry key="error.expected_or">expected ''{0}'' or ''{1}''</entry>
<entry key="error.expected_or_found">expected ''{0}'' or ''{1}'', found ''{2}''</entry>
<entry key="error.expected_after">expected ''{0}'' after {1}</entry>
<entry key="error.export.failed">Failed to export to ''{0}''.</entry>

<entry key="error.field_in_fallbacks">Field ''{0}'' not permitted in its own fallback list.</entry>

<entry key="error.import.failed">Failed to import ''{0}''.
{1}</entry>

<entry key="error.internal.import_probdata_failed">(Internal Error) Something's gone wrong. Failed to import data</entry>

<entry key="error.invalid_data_type">Invalid data type {0,number}</entry>
<entry key="error.invalid_header_choice">You can''t set the type to ''{0}'': row {1,number} is of type ''{2}''.</entry>
<entry key="error.invalid_name">Invalid name ''{0}'' (can''t be empty or contain TeX special characters)</entry>

<entry key="error.io.file_not_found">No such file ''{0}''</entry>
<entry key="error.io.file_not_found_query_sql">No such file ''{0}''. If you want to import SQL data, use {1} instead</entry>

<entry key="error.key_exists">Header key ''{0}'' already exists</entry>
<entry key="error.line">Line {0,number}: {1}</entry>

<entry key="error.load.failed">Failed to load ''{0}''.
{1}</entry>

<entry key="error.missing_custom_file">You have opted for a custom start up directory, but you haven't specified a directory</entry>
<entry key="error.missing_dbname">Missing Database Name</entry>
<entry key="error.missing_delim">No delimiter specified</entry>
<entry key="error.missing_filename">Missing filename</entry>
<entry key="error.missing_host">No SQL host specified</entry>
<entry key="error.missing_key">Header key is missing</entry>
<entry key="error.missing_port">No SQL port specified</entry>
<entry key="error.missing_prefix">No SQL prefix specified</entry>
<entry key="error.missing_select">Missing SELECT statement</entry>
<entry key="error.missing_sep">No separator specified</entry>
<entry key="error.missing_texmap_key">Missing mapping character</entry>
<entry key="error.missing_user">Missing User Name</entry>

<entry key="error.no_console">No console available.</entry>
<entry key="error.no_fallbacks_available">No fallback fields available</entry>

<entry key="error.nopanel">No current panel!</entry>
<entry key="error.no_sort_column_selected">No sort column selected</entry>
<entry key="error.no_templates">No templates found</entry>
<entry key="error.not_currency">''{0}'' not in currency format</entry>
<entry key="error.not_decimal">''{0}'' not a decimal number</entry>
<entry key="error.number_expected">Number expected, found ''{0}''</entry>
<entry key="error.not_decimal_type">''{0}'' is not a decimal type.
(Change the ''{1}'' selector.)</entry>
<entry key="error.missing.numeric_pattern">{0} missing numeric pattern</entry>
<entry key="error.invalid.numeric_pattern">{0} invalid numeric pattern: {1}</entry>

<entry key="error.output.forbidden_ext">File: {0}
Extension ''{1}'' is forbidden for output files</entry>
<entry key="error.output.forbidden_log_ext">File: {0}
Extension ''{1}'' is forbidden for log files</entry>

<entry key="error.plugin.exit_code">Plugin {0} terminated with exit code {1,number}
{2}</entry>
<entry key="error.plugin.no_perl">You need to specify the path to the perl executable to run a plugin</entry>
<entry key="error.plugin.unknown_command">Unknown plugin command ''{0}''</entry>
<entry key="error.plugin.unknown_message">Unknown plugin message ''{0}''</entry>
<entry key="error.plugin.unknown_query">Unknown plugin query ''{0}''</entry>


<entry key="error.process_failed">Process ''{0}'' (running in ''{1}'') failed with exit code {2,number}</entry>
<entry key="error.resource.not_found">Can''t find resource file ''{0}''</entry>

<entry key="error.save.failed">Failed to save ''{0}''.
{1}</entry>

<entry key="error.sql.connection_failed">Can't establish SQL connection</entry>
<entry key="error.sql.query_failed">SQL query failed</entry>
<entry key="error.template.misplaced_tag">''{0}'' tag must be inside ''{1}'' tag</entry>
<entry key="error.template.tag_not_child">''{0}'' tag must be a child of ''{1}'' tag (child nesting not permitted)</entry>
<entry key="error.template.nested_tag">''{0}'' tag can''t be nested</entry>
<entry key="error.template.missing_tag">Missing ''{0}'' tag</entry>
<entry key="error.template.invalid_type">Invalid type ''{0}''</entry>
<entry key="error.unknown_key">Unknown header key ''{0}''</entry>

<entry key="error.unsupported_mimetype">Unsupported mimetype.</entry>
<entry key="error.unsupported_xml">Unsupported XML format.</entry>
<entry key="error.unsupported_option">Unsupported option {0}.</entry>
<entry key="error.unsupported_format">Unsupported format {0}.</entry>
<entry key="error.empty_file">File appears to be empty.</entry>

<entry key="error.expected_mimetype_but_found">Expected mimetype ''{0}'' but found ''{1}''</entry>
<entry key="error.zip_entry_not_found">No entry ''{0}'' found in zip file ''{1}''</entry>

<entry key="error.xlsx.invalid_column_ref">Invalid column reference ''{0}''.</entry>
<entry key="error.xlsx.unknown_shared_string_ref">Unknown shared string reference ''{0}''.</entry>

<entry key="error.xml.invalid_attr_in_tag">Invalid ''{0}'' attribute value ''{1}'' found for &lt;{2}&gt;</entry>

<entry key="error.xml.invalid_attr_in_tag_cause">Invalid ''{0}'' attribute value ''{1}'' found for &lt;{2}&gt; ({2})</entry>


</properties>
