<?xml version="1.0" encoding="UTF-8"?>
<!DOCTYPE properties SYSTEM "http://java.sun.com/dtd/properties.dtd">
<properties>

<comment>English GB (load after datatool-en.xml to override specific keys)</comment>

<entry key="manual.labelled">labelled</entry>
<entry key="manual.favour">favour</entry>
<entry key="manual.colour">colour</entry>
<entry key="index.licence">licence</entry>

<entry key="preferences.editor.highlightcomment">Comment Colour</entry>
<entry key="preferences.editor.highlightcs">Control Sequence Colour</entry>

<entry key="preferences.editor.choose.highlightcomment.tooltip">Choose comment colour</entry>
<entry key="preferences.editor.choose.highlightcs.tooltip">Choose control sequence colour</entry>

<entry key="preferences.editor.cellforeground">Text Colour</entry>

<entry key="preferences.editor.choose.cellforeground.tooltip">Choose text colour</entry>

<entry key="preferences.editor.choose.cellbackground.tooltip">Choose background colour</entry>

<entry key="preferences.editor.cellfgbgswap.tooltip">Swap foreground and background colours</entry>

<entry key="menu.help.licence">Licence</entry>

<!-- Licence Dialog -->

<entry key="licence.title">Licence</entry>

<entry key="message.cancelled">Cancelled</entry>

</properties>
