<?xml version="1.0" encoding="UTF-8" standalone="no"?>
<navigation>
<node key="Doc-Start" ref="datatooltk-en.html">
 <title>User Manual for DatatoolTk</title>
 <filename>datatooltk-en.html</filename>
<node key="chapter*.2" ref="chapterstar2.html">
 <title>List of Figures</title>
 <filename>chapterstar2.html</filename>
</node>
<node key="sec:introduction" ref="introduction.html">
 <prefix>1</prefix>
 <title>Introduction</title>
 <filename>introduction.html</filename>
<node key="sec:notaspreadsheet" ref="notaspreadsheet.html">
 <prefix>1.1</prefix>
 <title>What it isn’t</title>
 <filename>notaspreadsheet.html</filename>
</node>
<node key="sec:fileext" ref="fileext.html">
 <prefix>1.2</prefix>
 <title>DBTEX and DTLTEX Files</title>
 <filename>fileext.html</filename>
</node>
<node key="sec:verbatim" ref="verbatim.html">
 <prefix>1.3</prefix>
 <title>Verbatim</title>
 <filename>verbatim.html</filename>
</node>
<node key="sec:spaces" ref="spaces.html">
 <prefix>1.4</prefix>
 <title>Leading/Trailing Spaces</title>
 <filename>spaces.html</filename>
</node>
<node key="sec:null" ref="null.html">
 <prefix>1.5</prefix>
 <title>Null Values</title>
 <filename>null.html</filename>
</node>
</node>
<node key="sec:commandoptions" ref="commandoptions.html">
 <prefix>2</prefix>
 <title>Command Line Options</title>
 <filename>commandoptions.html</filename>
</node>
<node key="sec:gui" ref="gui.html">
 <prefix>3</prefix>
 <title>Graphical Mode</title>
 <filename>gui.html</filename>
<node key="sec:celleditor" ref="celleditor.html">
 <prefix>3.1</prefix>
 <title>Cell Editor</title>
 <filename>celleditor.html</filename>
</node>
<node key="sec:editheader" ref="editheader.html">
 <prefix>3.2</prefix>
 <title>Header Dialog</title>
 <filename>editheader.html</filename>
</node>
</node>
<node key="sec:tools" ref="tools.html">
 <prefix>4</prefix>
 <title>Tools</title>
 <filename>tools.html</filename>
<node key="sec:sort" ref="sort.html">
 <prefix>4.1</prefix>
 <title>Sorting the Data</title>
 <filename>sort.html</filename>
</node>
<node key="sec:shuffle" ref="shuffle.html">
 <prefix>4.2</prefix>
 <title>Shuffling the Data</title>
 <filename>shuffle.html</filename>
</node>
<node key="sec:sortshuffle" ref="sortshuffle.html">
 <prefix>4.3</prefix>
 <title>Sorting and Shuffling</title>
 <filename>sortshuffle.html</filename>
</node>
<node key="sec:plugins" ref="plugins.html">
 <prefix>4.4</prefix>
 <title>Plugins</title>
 <filename>plugins.html</filename>
<node key="sec:peopleplugin" ref="peopleplugin.html">
 <prefix>4.4.1</prefix>
 <title>The people Plugin</title>
 <filename>peopleplugin.html</filename>
</node>
<node key="sec:datagidxplugin" ref="datagidxplugin.html">
 <prefix>4.4.2</prefix>
 <title>The datagidx Plugin</title>
 <filename>datagidxplugin.html</filename>
</node>
<node key="sec:comparison" ref="comparison.html">
 <prefix>4.4.3</prefix>
 <title>Comparison of glossaries and datagidx</title>
 <filename>comparison.html</filename>
</node>
</node>
</node>
<node key="sec:import" ref="import.html">
 <prefix>5</prefix>
 <title>Importing Data</title>
 <filename>import.html</filename>
<node key="sec:importcsv" ref="importcsv.html">
 <prefix>5.1</prefix>
 <title>Import CSV Data</title>
 <filename>importcsv.html</filename>
</node>
<node key="sec:importspread" ref="importspread.html">
 <prefix>5.2</prefix>
 <title>Import Spreadsheet Data</title>
 <filename>importspread.html</filename>
</node>
<node key="sec:importsql" ref="importsql.html">
 <prefix>5.3</prefix>
 <title>Import SQL Data</title>
 <filename>importsql.html</filename>
</node>
<node key="sec:importprobsoln" ref="importprobsoln.html">
 <prefix>5.4</prefix>
 <title>Import probsoln Data</title>
 <filename>importprobsoln.html</filename>
</node>
</node>
<node key="sec:templates" ref="templates.html">
 <prefix>6</prefix>
 <title>Templates</title>
 <filename>templates.html</filename>
<node key="sec:writingtemplates" ref="writingtemplates.html">
 <prefix>6.1</prefix>
 <title>Writing a Template File</title>
 <filename>writingtemplates.html</filename>
</node>
</node>
<node key="sec:preferences" ref="preferences.html">
 <prefix>7</prefix>
 <title>Application Properties</title>
 <filename>preferences.html</filename>
<node key="sec:preferences.general" ref="preferences_general.html">
 <prefix>7.1</prefix>
 <title>General</title>
 <filename>preferences_general.html</filename>
</node>
<node key="sec:preferences.csv" ref="preferences_csv.html">
 <prefix>7.2</prefix>
 <title>Non-TeX Imports (CSV etc)</title>
 <filename>preferences_csv.html</filename>
</node>
<node key="sec:preferences.sql" ref="preferences_sql.html">
 <prefix>7.3</prefix>
 <title>SQL Connection</title>
 <filename>preferences_sql.html</filename>
</node>
<node key="sec:preferences.tex" ref="preferences_tex.html">
 <prefix>7.4</prefix>
 <title>TeX I/O</title>
 <filename>preferences_tex.html</filename>
</node>
<node key="sec:preferences.currencies" ref="preferences_currencies.html">
 <prefix>7.5</prefix>
 <title>Currencies</title>
 <filename>preferences_currencies.html</filename>
</node>
<node key="sec:preferences.editor" ref="preferences_editor.html">
 <prefix>7.6</prefix>
 <title>Cell Editor Settings</title>
 <filename>preferences_editor.html</filename>
</node>
<node key="sec:preferences.display" ref="preferences_display.html">
 <prefix>7.7</prefix>
 <title>Display</title>
 <filename>preferences_display.html</filename>
</node>
<node key="sec:preferences.language" ref="preferences_language.html">
 <prefix>7.8</prefix>
 <title>Localisation</title>
 <filename>preferences_language.html</filename>
</node>
<node key="sec:preferences.plugins" ref="preferences_plugins.html">
 <prefix>7.9</prefix>
 <title>Plugins</title>
 <filename>preferences_plugins.html</filename>
</node>
</node>
<node key="sec:helpwindows" ref="helpwindows.html">
 <prefix>8</prefix>
 <title>Help Menu (GUI Mode)</title>
 <filename>helpwindows.html</filename>
<node key="sec:primaryhelp" ref="primaryhelp.html">
 <prefix>8.1</prefix>
 <title>The Primary Help Window</title>
 <filename>primaryhelp.html</filename>
</node>
<node key="sec:secondaryhelp" ref="secondaryhelp.html">
 <prefix>8.2</prefix>
 <title>Secondary Help Window</title>
 <filename>secondaryhelp.html</filename>
</node>
<node key="sec:helpfontdialog" ref="helpfontdialog.html">
 <prefix>8.3</prefix>
 <title>Help Font Dialog</title>
 <filename>helpfontdialog.html</filename>
</node>
<node key="sec:helpsearch" ref="helpsearch.html">
 <prefix>8.4</prefix>
 <title>Searching the Documentation</title>
 <filename>helpsearch.html</filename>
</node>
<node key="sec:helpimageviewer" ref="helpimageviewer.html">
 <prefix>8.5</prefix>
 <title>Image Viewer</title>
 <filename>helpimageviewer.html</filename>
</node>
</node>
<node key="sec:licence" ref="licence.html">
 <prefix>9</prefix>
 <title>License</title>
 <filename>licence.html</filename>
</node>
<node key="app.datatooltk-summary" ref="app_datatooltk-summary.html">
 <title>Summary of datatooltk Switches</title>
 <filename>app_datatooltk-summary.html</filename>
</node>
<node key="glossary" ref="glossary.html">
 <title>Glossary</title>
 <filename>glossary.html</filename>
</node>
<node key="docindex" ref="docindex.html">
 <title>Index</title>
 <filename>docindex.html</filename>
</node>
</node>
</navigation>
