<?xml version="1.0" encoding="UTF-8" standalone="no"?>
<!DOCTYPE properties SYSTEM "http://java.sun.com/dtd/properties.dtd">
<properties>
<comment>English language file for texparserlib</comment>

<!--  Messages -->
<entry key="message.reading">Reading {0}...</entry>
<entry key="message.writing">Writing {0}...</entry>
<entry key="message.running">Running {0}</entry>
<entry key="message.process.result">Process returned: {0}</entry>
<entry key="message.processing">Processing {0}</entry>
<entry key="message.copying">Copying {0} -> {1}</entry>
<entry key="message.moving">Moving {0} -> {1}</entry>
<entry key="message.no.read">No read access for {0}...</entry>
<entry key="message.no.write">No write access for {0}...</entry>
<entry key="message.charset">Encoding: {0}</entry>

<!--  Warnings -->
<entry key="warning.substituting">Substituting {0} with {1}</entry>
<entry key="warning.removing">Removing {0}</entry>
<entry key="warning.unsupported.image.type">Unsupported image type {0}</entry>
<entry key="warning.unsupported.generic">Not supported: {0}</entry>
<entry key="warning.overwriting">Overwriting file {0}</entry>

<!--  TeX Error Messages -->

<entry key="tex.error.bad_param">Parameter digit 1 to 9 expected. Found ''{0}''</entry>
<entry key="tex.error.illegal_param">Illegal parameter number ''{0}'' in definition of {1}</entry>
<entry key="tex.error.no_eg">Missing end group</entry>
<entry key="tex.error.par_before_eg">Paragraph break found before end group</entry>
<entry key="tex.error.unexpected_eg">Unexpected end group found</entry>
<entry key="tex.error.missing_endmath">Missing end math</entry>
<entry key="tex.error.dollar2_ended_with_dollar">$$ ended with $</entry>
<entry key="tex.error.not_found">Expected ''{0}'' but not found</entry>
<entry key="tex.error.missing_param">Argument expected for ''{0}'' but not found</entry>
<entry key="tex.error.empty_stack">Argument expected but not found (empty stack)</entry>
<entry key="tex.error.not_math_mode">{0} is only permitted in math mode</entry>
<entry key="tex.error.invalid_accent">{0} is not a recognised accent </entry>
<entry key="tex.error.ambiguous_midcs">Ambiguous use of {0}</entry>
<entry key="tex.error.missing_closing">Missing closing {0}</entry>
<entry key="tex.error.missing_closing.from_open">Missing closing {0} (from opening {1} on line {2})</entry>
<entry key="tex.error.dimen_expected">Dimension expected</entry>
<entry key="tex.error.missing_unit">Missing unit</entry>
<entry key="tex.error.expected">Expected {0}</entry>
<entry key="tex.error.expected_but_found">Expected {0} but found ''{1}''</entry>
<entry key="tex.error.undefined">Undefined command ''{0}''</entry>
<entry key="tex.error.undefined_char">Undefined active character ''{0}''</entry>
<entry key="tex.error.cs_expected">Control sequence expected (found ''{0}'', class ''{1}'')</entry>
<entry key="tex.error.number_expected">Number expected (found ''{0}'')</entry>
<entry key="tex.error.register_undef">Unknown register ''{0}''</entry>
<entry key="tex.error.syntax">Invalid syntax for {0}</entry>
<entry key="tex.error.extra">Extra {0}</entry>
<entry key="tex.error.extra_or_forgotten">Extra {0}, or forgotten {1}</entry>
<entry key="tex.error.double_subscript">Double subscript _{0}_ (replaced with _{0}'{}'_)</entry>
<entry key="tex.error.double_superscript">Double superscript ^{0}^ (replaced with ^{0}'{}'^)</entry>
<entry key="tex.error.illegal_align">Illegal alignment {0}</entry>
<entry key="tex.error.misplaced_omit">Misplaced \omit</entry>
<entry key="tex.error.improper_alphabetic_constant">Improper alphabetic constant {0}</entry>
<entry key="tex.error.register_expected">Register expected</entry>
<entry key="tex.error.register_expected_but_found">Register expected (found ''{0}'')</entry>
<entry key="tex.error.numeric_register_expected">Numeric register expected</entry>
<entry key="tex.error.register_not_numeric">Register ''{0}'' not numeric</entry>
<entry key="tex.error.register_not_token">Register ''{0}'' not a token register</entry>
<entry key="tex.error.internal_quantity_expected">Internal_quantity expected</entry>
<entry key="tex.error.internal_quantity_expected_but_found">Internal quantity expected (found ''{0}'')</entry>
<entry key="tex.error.generic">{0}</entry>
<entry key="tex.error.file.not.found">File ''{0}'' not found.</entry>
<entry key="tex.error.unexpandable">Can''t expand ''{0}''</entry>
<entry key="tex.error.cant_change_const">Can''t change constant {0}</entry>
<entry key="tex.error.file.overwrite_forbidden">File ''{0}'' already exists (overwrite forbidden).</entry>
<entry key="tex.error.file.mapper">An error occurred while parsing {0}:
   {1}</entry>
<entry key="tex.error.invalid.debug_mode">Invalid debug mode ''{0}''. Recognised mode names: {1}</entry>

<!--  LaTeX Error Messages -->

<entry key="latex.error.no_alignment">No alignment specifiers found</entry>
<entry key="latex.error.undefined_counter">No counter ''{0}'' defined</entry>
<entry key="latex.error.multi_begin_doc">Only one \begin'{'document'}' permitted</entry>
<entry key="latex.error.no_begin_doc">No \begin'{'document'}' found</entry>
<entry key="latex.error.missing_begin_doc">Missing \begin'{'document'}' (unexpected content ''{0}'')</entry>
<entry key="latex.error.multi_cls">Only one \documentclass permitted</entry>
<entry key="latex.error.missing_key">Missing ''{0}'' key</entry>
<entry key="latex.error.missing_key_value">Missing value for ''{0}'' key</entry>
<entry key="latex.error.missing_or">Missing ''{0}'' or ''{1}''</entry>
<entry key="latex.error.extra_end">Extra \end'{'{0}'}' found</entry>
<entry key="latex.error.unaccessible">Unaccessible ''{0}''</entry>
<entry key="latex.error.defined">''{0}'' already defined</entry>
<entry key="latex.error.illegal_array_arg_char">Illegal character ''{0}'' in array arg</entry>
<entry key="latex.error.lonely_item">Lonely \item</entry>
<entry key="latex.package.error">Package {0} Error: {1}</entry>
<entry key="latex.class.error">Class {0} Error: {1}</entry>
<entry key="latex.illegal.argtype">Illegal argument type {0}</entry>
<entry key="latex.package.not.loaded">Package ''{0}'' has not been loaded</entry>
<entry key="latex.error.counter.too.large">Counter too large</entry>
<entry key="latex.error.counter.out.of.range">Counter value {0} out of valid range ({1})</entry>
<entry key="latex.unsupported.xparse_type">Unsupported xparse type {0} in command {1}</entry>
<entry key="latex.unknown.option">Unknown option ''{0}'' in {1}</entry>
<entry key="latex.invalid.option.value">Invalid value ''{1}'' in {0}={1}</entry>
<entry key="latex.not.sequence">Not a sequence command: {0}</entry>
<entry key="latex.not.property">Not a property command: {0}</entry>
<entry key="latex.not.tokenlist">Not a token list command: {0}</entry>
<entry key="latex.not.boolean">Not a boolean command: {0}</entry>
<entry key="latex.trailing_content">Trailing content found while processing ''{0}'': {1}</entry>

<!--  bibtex errors -->
<entry key="bibtex.error.missing_value">Missing value</entry>
<entry key="bibtex.error.expecting">Expecting ''{0}''</entry>
<entry key="bibtex.error.expecting_or">Expecting ''{0}'' or ''{1}''</entry>
<entry key="bibtex.error.missing.id">Missing identifier</entry>
<entry key="bibtex.error.invalid.id">Invalid identifier element {0}</entry>
<entry key="bibtex.error.missing_field_part">Missing field value</entry>
<entry key="bibtex.error.missing_field_name">Missing field identifier</entry>
<entry key="bibtex.error.unbalanced_braces">Unbalanced braces</entry>
<entry key="bibtex.error.immediately_follows_entry_type">''{0}'' immediately follows entry type</entry>
<entry key="bibtex.error.immediately_follows_field_name">''{0}'' immediately follows field name</entry>
<entry key="bibtex.error.illegal_end">Illegal end</entry>
<entry key="bibtex.error.missing">Missing</entry>
<entry key="bibtex.error.too_many_commas">Too many commas in name ''{0}''</entry>
<entry key="bibtex.error.string_name_undefined">String name ''{0}'' undefined</entry>
<entry key="bibtex.error.repeated_entry">Repeated entry ''{0}''</entry>

<!--  Package messages -->

<entry key="probsoln.no_such_db">ProbSoln database ''{0}'' doesn''t exist.</entry>
<entry key="probsoln.no_such_entry_in_db">Entry ''{0}'' doesn''t exist in ProbSoln database ''{1}''.</entry>
<entry key="probsoln.db_exists">ProbSoln database ''{0}'' already exists.</entry>
<entry key="probsoln.request_args">Problem ''{0}'' (in database ''{1}'') requires {2} arguments. Please specify</entry>
<entry key="probsoln.request_arg">Problem ''{0}'' (in database ''{1}'') requires 1 argument. Please specify</entry>

<!-- datatool messages -->

<entry key="datatool.db_exists">Database ''{0}'' already exists.</entry>
<entry key="datatool.db_doesnt_exist">Database ''{0}'' doesn''t exist.</entry>
<entry key="datatool.mismatched">Unmatched ''{0}'' (ended with ''{1}'').</entry>
<entry key="datatool.invalid.header">Invalid header specs ''{0}''.</entry>
<entry key="datatool.invalid.contents">Invalid contents specs ''{0}''.</entry>
<entry key="datatool.header.exists">Header ''{0}'' already exists.</entry>
<entry key="datatool.header.doesnt_exist">Header ''{0}'' doesn''t exist.</entry>
<entry key="datatool.row.not.found">Row index ''{0}'' doesn''t exist.</entry>
<entry key="datatool.loaddb.message">Database ''{0}'' loaded from ''{1}'' (column count={2}, row count={3}).</entry>
<entry key="datatool.index.outofrange">Index ''{0}'' out of range.</entry>
<entry key="datatool.no.columns">No columns available for database ''{0}''</entry>
<entry key="datatool.file_info">Identified file format {0} version {1} (encoding {2})</entry>
<entry key="datatool.file_info_failed">Failed to parse file identifier on first line of file {0} (assuming {1})</entry>
<entry key="datatool.unknown_file_format_version">Unknown version ''{0}'' of file format ''{1}''</entry>
<entry key="datatool.write.comment">Created by {0} version {1} on {2, date, yyyy-MM-dd HH:mm:ss Z}</entry>
<entry key="datatool.warn.dbtex3exp">Detected DBTEX v3.0 experimental format. Resave database file as DBTEX v3.0</entry>
<entry key="datatool.unsupported.action">Unsupported action: ''{0}''</entry>

<entry key="datagidx.term_not_defined">Term ''{0}'' not defined</entry>
<entry key="datagidx.database_not_defined">Index database ''{0}'' not defined</entry>
<entry key="datagidx.no_databases">No index databases defined</entry>
<entry key="datagidx.not_index_database">Database ''{0}'' is not a datagidx index database</entry>

<!--  ifthen messages -->

<entry key="ifthen.invalid.condition">Invalid condition ''{0}''.</entry>

<!--  inputenc messages -->

<entry key="inputenc.unknown.encoding">Unknown encoding ''{0}''.</entry>

<!-- color messages -->
<entry key="color.unsupported">Unsupported ''{0}'' model colour {1}</entry>
<entry key="color.invalid.specs">Invalid specification ''{0}'' for colour model {1}</entry>
<entry key="color.unknown">Unknown named colour ''{0}''</entry>

<!-- glossaries messages -->

<entry key="glossaries.glossary.not.defined">Glossary ''{0}'' not defined</entry>
<entry key="glossaries.entry.not.defined">Entry ''{0}'' not defined</entry>
<entry key="glossaries.field.not.defined">Field ''{0}'' not defined</entry>
<entry key="glossaries.glossary.exists">Glossary ''{0}'' already exists</entry>
<entry key="glossaries.entry.exists">Entry ''{0}'' already exists</entry>
<entry key="glossaries.glossary.style.not.defined">Glossary style ''{0}'' not defined</entry>
<entry key="glossaries.glossary.no_style">No glossary style seems to have been set. Using fallback style</entry>
<entry key="glossaries.acronym.style.defined">Acronym style ''{0}'' already defined</entry>
<entry key="glossaries.acronym.style.not.defined">Acronym style ''{0}'' not defined</entry>
<entry key="glossaries.abbreviation.style.defined">Abbreviation style ''{0}'' already defined</entry>
<entry key="glossaries.abbreviation.style.not.defined">Abbreviation style ''{0}'' not defined</entry>
<entry key="glossaries.abbreviation.style.file.not.found">Abbreviation style file ''{0}'' not found (provided with glossaries-extra.sty v1.49+). Abbreviation styles won''t be defined.</entry>
<entry key="glossaries.unrecognised">''{0}'' not recognised by {1}</entry>
<entry key="glossaries.table.block.style.not.defined">Table block style ''{0}'' not defined</entry>
<entry key="glossaries.empty_category_not_allowed">Empty category label not allowed in {0}</entry>

<!--  etoolbox messages -->

<entry key="etoolbox.toggle_already_defined">Toggle ''{0}'' already defined.</entry>
<entry key="etoolbox.toggle_not_defined">Toggle ''{0}'' undefined.</entry>

<!--  fontawesome messages -->

<entry key="fontawesome.unknown.icon_name">Unknown icon name ''{0}''.</entry>

<!--  nlctuserguide.sty/texjavahelp.sty messages -->

<entry key="nlctdoc.unknown_tag_group">Unknown tag group ''{0}''.</entry>

<!--  Image drawing messages -->

<entry key="teximage.error.no_path">No path defined on which to operate</entry>

</properties>
